X1,X2,X3,X4,X5,X6,X7,class
0.851928563322872,0.0870190584100783,0.811998292570934,0.075510726775974,0.0025872802361846,0.721975137712434,0.518254502210766,0
0.160300337709486,0.917404006933793,0.979957634350285,0.991312626982108,0.735916769597679,0.548838176066056,0.807111313799396,1
0.98779289261438,0.301259029423818,0.748636500444263,0.697605614317581,0.150468136416748,0.290844464907423,0.289761925814673,0
0.815915524726734,0.446976584149525,0.126875473419204,0.807137397350743,0.118084280984476,0.549411608139053,0.904485720908269,0
0.914623311953619,0.844809293514118,0.334767448715866,0.591941031161696,0.302508435444906,0.769383541774005,0.086290895473212,0
0.784609289374202,0.0769987774547189,0.664967388380319,0.565091683994979,0.505074343876913,0.207538364920765,0.481771796941757,1
0.687462447909638,0.837849343195558,0.00185711681842804,0.35798226762563,0.49810330895707,0.119079218478873,0.621917463839054,1
0.263581331120804,0.250727787613869,0.654419725527987,0.608492451487109,0.337982318364084,0.052041438408196,0.286808314500377,0
0.927799327298999,0.25359856756404,0.37664318527095,0.762613514671102,0.916430335957557,0.620837816270068,0.190222956705838,1
0.42692486057058,0.612461854005232,0.327591087669134,0.705322833964601,0.187907135579735,0.218800830189139,0.172415588283911,0
0.27248597657308,0.768818611511961,0.829088096041232,0.212922992650419,0.454066655598581,0.870371184078977,0.266299674520269,1
0.0310008840169758,0.730666560819373,0.560020616045222,0.763369084801525,0.168936400907114,0.865782865788788,0.841717121191323,0
0.354511213721707,0.657809982309118,0.31258152727969,0.891524692298844,0.0492558798287064,0.251185673521832,0.0121625945903361,0
0.35013035312295,0.7280731825158,0.0951222458388656,0.434864879352972,0.52754284045659,0.699216644978151,0.930875941179693,1
0.337790174642578,0.241510008461773,0.00351621792651713,0.00266802264377475,0.651633564848453,0.479252997087315,0.0475011996459216,0
0.540678615681827,0.35740018915385,0.796991035807878,0.538146760081872,0.388762210728601,0.407153603387997,0.874437238555402,0
0.976518727373332,0.432889736024663,0.894819401670247,0.929243951803073,0.668295187875628,0.477780296700075,0.689909308683127,1
0.705948390299454,0.198231222573668,0.778129969723523,0.919589779339731,0.905703466618434,0.0914844805374742,0.392988628474995,1
0.520033532753587,0.530867384281009,0.489239189308137,0.675106061156839,0.593928179237992,0.11756381415762,0.903877213364467,1
0.917943502776325,0.173205889528617,0.595401492435485,0.71476643695496,0.959240919910371,0.712906650034711,0.273347614100203,1
0.879180375020951,0.14190117828548,0.42015036358498,0.0746559631079435,0.397133344551548,0.613792828982696,0.496297850972041,0
0.00211016973480582,0.920762685826048,0.858898061094806,0.188332286197692,0.910157452803105,0.26172703364864,0.199540129397064,1
0.0919654285535216,0.701088052708656,0.772105685668066,0.690600676694885,0.934820265276358,0.86307300045155,0.789716308237985,1
0.820368894375861,0.0765866267029196,0.623346054228023,0.0583340260200202,0.381619910942391,0.0139245155733079,0.140312851639464,0
0.457068466581404,0.902201108401641,0.0689406285528094,0.718274473911151,0.322599776089191,0.652259417111054,0.595424256520346,0
0.872120794840157,0.420168896904215,0.341049789916724,0.82984331343323,0.401718270266429,0.720299851614982,0.342911960789934,1
0.422136834356934,0.602504986338317,0.250133001245558,0.09858124749735,0.00382873811759055,0.979035943280905,0.0579089615494013,0
0.25656011630781,0.166205814806744,0.269734659930691,0.775274147512391,0.168583858758211,0.659685737453401,0.441674972185865,0
0.468524232506752,0.852133587468415,0.909033808624372,0.680898724822327,0.0128363075200468,0.915553711587563,0.960227616596967,0
0.2053826241754,0.531672313576564,0.0399842103943229,0.603230530163273,0.49303546291776,0.174504111055285,0.92910863016732,1
0.0740739102475345,0.13791623339057,0.53970594285056,0.52999607892707,0.13586610625498,0.133728752378374,0.923051160294563,0
0.703683105530217,0.990102237090468,0.749120658729225,0.0603941555600613,0.478874128777534,0.838172416901216,0.777229169383645,1
0.424050321336836,0.117372903274372,0.932349797338247,0.230066100135446,0.601455149007961,0.911089766770601,0.519093003123999,1
0.337498784763739,0.246718648821115,0.267316293669865,0.487775045447052,0.276402591494843,0.557310160249472,0.102729415055364,0
0.399617788381875,0.196149063529447,0.327387170633301,0.536779401591048,0.999863459262997,0.901972802588716,0.359174565644935,1
0.622015653410926,0.368227570783347,0.651727009564638,0.623945700237527,0.513431229395792,0.526270954636857,0.787992113037035,1
0.614687064196914,0.31027267081663,0.249039435060695,0.479780577123165,0.0590932832565159,0.0300629816483706,0.468888859497383,0
0.844939622096717,0.389655211241916,0.310199031839147,0.763132066931576,0.781316658947617,0.0630370057187974,0.406420856714249,1
0.871331590460613,0.498737999470904,0.794199911877513,0.988118925830349,0.0629397972952574,0.819540351629257,0.437049824511632,0
0.988970852689818,0.749836827395484,0.852150121005252,0.676416338188574,0.758678108453751,0.600968129234388,0.633887702133507,1
0.0104980433825403,0.357590487226844,0.307874206453562,0.0158620725851506,0.601935896556824,0.538041630527005,0.993778959149495,1
0.772069227416068,0.257970927050337,0.48069029697217,0.712653736118227,0.902385278139263,0.690696705132723,0.270933811087161,1
0.87068603746593,0.308141776360571,0.630488024791703,0.628995469072834,0.416317786788568,0.859942664392292,0.357597754336894,1
0.995354735292494,0.709063147194684,0.221750566735864,0.672481871210039,0.254004830028862,0.881718980148435,0.802099082618952,1
0.0912286809179932,0.947134654736146,0.0788175771012902,0.964547799900174,0.813741239253432,0.698887488804758,0.521339483326301,1
0.384983956813812,0.8681757429149,0.640451156068593,0.039530414622277,0.259379373397678,0.150870941346511,0.89329923922196,0
0.599231431726366,0.286397643154487,0.930941228289157,0.324217823101208,0.411114768125117,0.507904105586931,0.0482779268641025,1
0.505322439596057,0.0636259235907346,0.803490484599024,0.103595297783613,0.2656033502426,0.989524968434125,0.162605638848618,0
0.254264225019142,0.41162219340913,0.452298314543441,0.420871172565967,0.629951623501256,0.108964416198432,0.847129767062142,0
0.212974285008386,0.805061431601644,0.0865982144605368,0.740667608100921,0.113849017070606,0.0849354241508991,0.261712845647708,0
0.513083346420899,0.282188266981393,0.369812614284456,0.447849556338042,0.634125648066401,0.932011956814677,0.922500779852271,1
0.722199343144894,0.28387989779003,0.740773154422641,0.0558620779775083,0.761296632234007,0.399457046296448,0.500879856059328,1
0.149619069648907,0.502983251586556,0.439325143350288,0.990949418861419,0.628667964134365,0.672333023278043,0.176780153997242,1
0.857900576200336,0.582033565733582,0.587369241053239,0.284868513699621,0.439100827323273,0.0362904740031809,0.290489595383406,1
0.340671270852908,0.488610408268869,0.202493058750406,0.283772777765989,0.162359612528235,0.12324378406629,0.784917331300676,0
0.591937742428854,0.88248904957436,0.0173494992777705,0.00909249694086611,0.737378113903105,0.976977809099481,0.224378655897453,0
0.990471806842834,0.362180035561323,0.164227151311934,0.974359795451164,0.346787970978767,0.677397378487512,0.427703554742038,0
0.978173895506188,0.20140184299089,0.582856637891382,0.851109121926129,0.203910853713751,0.646232309285551,0.939763181842864,1
0.843789648963138,0.58643217314966,0.111772596370429,0.26346689555794,0.840283919125795,0.840732996119186,0.588214971125126,1
0.715283155906945,0.325495037483051,0.562961104791611,0.539353106636554,0.478466552915052,0.873684976249933,0.973590466193855,1
0.678510043304414,0.262421818217263,0.322350614937022,0.551926505053416,0.201968907378614,0.351616144645959,0.20278834970668,0
0.665037477156147,0.93060720548965,0.511499252868816,0.418712256476283,0.356542730005458,0.16894967155531,0.565851251361892,0
0.976887617493048,0.637166417902336,0.0585474406834692,0.282971344189718,0.615445851814002,0.581572648603469,0.146671165479347,1
0.369364125654101,0.400177373783663,0.680081461323425,0.637264982098714,0.444783360464498,0.924877981189638,0.0985238691791892,1
0.515245749149472,0.244300747755915,0.63067016704008,0.698422920424491,0.977478005457669,0.597660140367225,0.0132819041609764,1
0.407721091760322,0.762780881021172,0.18716464494355,0.473419066751376,0.6285839099437,0.241394925396889,0.0432647177949548,0
0.525744589744136,0.822218583431095,0.0373912856448442,0.90074895019643,0.339147608028725,0.0148929199203849,0.835735885892063,0
0.000200380804017186,0.209830749547109,0.769920462509617,0.97028492228128,0.932809803402051,0.416587221436203,0.911954281385988,1
0.104079345939681,0.0348495489452034,0.581678010523319,0.817499372176826,0.724687710637227,0.547783041605726,0.775234733475372,1
0.415975162759423,0.352268122835085,0.902947233524173,0.494438117137179,0.314687065547332,0.72717674728483,0.893656602827832,0
0.649220370920375,0.919642124092206,0.820650022709742,0.658223470672965,0.537167157977819,0.834106108639389,0.374187414767221,1
0.576326550683007,0.285865186946467,0.830129117472097,0.853807506384328,0.983916262863204,0.517374434275553,0.299951496301219,1
0.124402312096208,0.775961570907384,0.541394629050046,0.056971489218995,0.113990662852302,0.278651747619733,0.934092341689393,0
0.93521846528165,0.68694415432401,0.610946891829371,0.872159781400114,0.523920817300677,0.642343023093417,0.068292502546683,1
0.792398263933137,0.0284700384363532,0.802180460188538,0.947579635772854,0.692643887130544,0.172650113236159,0.0338000932242721,1
0.589764795498922,0.625312600284815,0.138564979890361,0.326558922650293,0.2034348747693,0.6088414513506,0.278576380573213,0
0.951460285112262,0.498941950732842,0.876233554445207,0.147493624594063,0.38279984309338,0.105157866608351,0.960609719855711,1
0.776850663591176,0.785528759239241,0.88348335842602,0.913625507615507,0.360284397145733,0.986410235753283,0.821803021943197,0
0.381589834345505,0.981344427214935,0.00010643363930285,0.3883526714053,0.536768707213923,0.0978790414519608,0.440376072656363,1
0.728020608657971,0.0519527429714799,0.106530144810677,0.44238641182892,0.556919454364106,0.150859941262752,0.296874676598236,1
0.776445490308106,0.700236862991005,0.917966741370037,0.423491997411475,0.731236714404076,0.573532436508685,0.461208982625976,1
0.252454288071021,0.141258519608527,0.210136914160103,0.938667655456811,0.640314553165808,0.172647430561483,0.201182579621673,1
0.642199746333063,0.141529371729121,0.259809513110667,0.835312024690211,0.62022546841763,0.740492987213656,0.287367034470662,1
0.428153117187321,0.702796297846362,0.18414072599262,0.565716310869902,0.0506137637421489,0.921325552742928,0.202094245236367,0
0.375918090576306,0.577771679032594,0.286071889102459,0.152605408104137,0.0987638756632805,0.506506346166134,0.384228762472048,0
0.301265498856083,0.928954787785187,0.954788596602157,0.448516269680113,0.131063067819923,0.75160039239563,0.478573855245486,0
0.149962643394247,0.625061043538153,0.702475913800299,0.665857043582946,0.457046317867935,0.881063226843253,0.680054666940123,1
0.77667371253483,0.845707183005288,0.214099805802107,0.739751906599849,0.846250320551917,0.754373676609248,0.918895782204345,1
0.209609391633421,0.0236235784832388,0.629547794349492,0.0849177318159491,0.146939058788121,0.778678546892479,0.098172070691362,0
0.809923730557784,0.682750654639676,0.818823857232928,0.11040275869891,0.0281480583362281,0.419397579040378,0.728797588031739,0
0.469537150580436,0.90061769192107,0.822630453621969,0.25721885310486,0.468283585039899,0.435631867032498,0.994529931340367,1
0.535651324782521,0.0564471569377929,0.819912836654112,0.120329411700368,0.662700216518715,0.539838067954406,0.207880337489769,1
0.522609323263168,0.027496246388182,0.882239285157993,0.561058617196977,0.275828687706962,0.290500072995201,0.0188533239997923,0
0.125277600483969,0.62163227214478,0.282070479588583,0.373402920551598,0.438799045747146,0.681258748751134,0.556995858903974,1
0.581901037832722,0.724348490359262,0.477609910536557,0.0555226232390851,0.440128399757668,0.909404568606988,0.332284449134022,1
0.645470810588449,0.36765540833585,0.330213447799906,0.518180920742452,0.584369491320103,0.392130128107965,0.864577628672123,1
0.0816700512077659,0.850039645796642,0.126905654557049,0.347114021424204,0.751720339525491,0.970708819804713,0.780486597446725,1
0.716858657775447,0.329169205855578,0.189249880379066,0.465304739307612,0.467326634097844,0.668828910915181,0.352840007981285,1
0.720044140005484,0.707261319505051,0.316303234547377,0.95708885951899,0.351655028294772,0.308291660854593,0.781624939991161,1
0.985135596245527,0.273888350231573,0.22931001521647,0.831657430389896,0.616280185990036,0.903701322386041,0.352731726365164,1
0.0973715533036739,0.752350563649088,0.624771017348394,0.458118885755539,0.952318837866187,0.94999072747305,0.0318395830690861,1
0.0511442024726421,0.277261303272098,0.684555650223047,0.221470413031057,0.715289933141321,0.895617151632905,0.081369558814913,1
0.720886406255886,0.165352204814553,0.351622625719756,0.913386086700484,0.435509188333526,0.234881818294525,0.777206290513277,1
0.724816750735044,0.550616165390238,0.640441303607076,0.37737909401767,0.741858070949093,0.88604511343874,0.0503344901371747,1
0.501952701015398,0.535896504530683,0.704730538884178,0.902347121154889,0.335298122605309,0.716579004656523,0.556854023132473,1
0.960474550258368,0.335259293671697,0.0931400742847472,0.519476555520669,0.29238359327428,0.415358215337619,0.991690568858758,0
0.317978880601004,0.0662970091216266,0.715901933144778,0.902580661699176,0.814226992661133,0.266425836598501,0.947351710870862,1
0.0245448700152338,0.72319491347298,0.113775854697451,0.046113234013319,0.0481248337309808,0.671241495991126,0.742082617245615,0
0.515782415866852,0.591276781167835,0.00581647059880197,0.766351559897885,0.911262489156798,0.861274810973555,0.998751056613401,1
0.696543162921444,0.262219887925312,0.284271316835657,0.0550995725207031,0.683197691803798,0.366810106206685,0.75138835189864,0
0.0905600776895881,0.0658544113393873,0.594162254361436,0.560563171748072,0.590488560032099,0.296305446187034,0.422959145624191,1
0.222389834234491,0.750657657859847,0.193242711015046,0.918338123010471,0.318762333597988,0.718380565755069,0.847690366907045,1
0.41250918013975,0.378279480151832,0.337746056262404,0.496121290838346,0.921906708274037,0.544708881760016,0.493127718102187,1
0.751962327864021,0.248863362707198,0.640952398767695,0.907016983255744,0.608468755614012,0.543580974685028,0.00727951503358781,1
0.454258652869612,0.365623440826312,0.0668451122473925,0.61797376582399,0.508741041412577,0.339873745804653,0.670730007812381,1
0.367546192836016,0.285969919292256,0.107776594581082,0.692068804288283,0.466157538117841,0.797671049367636,0.560121854767203,1
0.950615720590577,0.689028963446617,0.622372084064409,0.741141308331862,0.62978654447943,0.0941906168591231,0.878708931850269,1
0.975938915973529,0.518061270704493,0.0667141492012888,0.14318875502795,0.485714763170108,0.995766334235668,0.344713973579928,1
0.340156275546178,0.448217630852014,0.815202373079956,0.643794438336045,0.289366538636386,0.609091878170148,0.223625832237303,0
0.355748583329841,0.407147537218407,0.510484479833394,0.285190620459616,0.306301631964743,0.10362963215448,0.903062142664567,0
0.410963997012004,0.438755042850971,0.637921834830195,0.764949126634747,0.886163087328896,0.404063909547403,0.387805648846552,1
0.601663877023384,0.577728208387271,0.505935807712376,0.650068840244785,0.231927045853809,0.340430012671277,0.124777175020427,0
0.676852707052603,0.865783360553905,0.823108409065753,0.728506377665326,0.789168701507151,0.400790709303692,0.885154942283407,1
0.82276922208257,0.271286846837029,0.547567738685757,0.674629960209131,0.149760518921539,0.323017152957618,0.587705203564838,0
0.218929399736226,0.807319341227412,0.292716576484963,0.889795327559114,0.803233906626701,0.616906828247011,0.939973018830642,1
0.906740674050525,0.0310063571669161,0.94046398694627,0.283529730048031,0.676196757005528,0.623970211716369,0.663508058292791,1
0.514215903123841,0.91849828697741,0.663060348248109,0.572183050913736,0.242746019270271,0.137631574878469,0.490103221265599,0
0.796056700870395,0.343017919920385,0.387458170531318,0.534141755895689,0.271181135671213,0.335136016365141,0.848111724015325,0
0.167551916325465,0.7317395277787,0.34021669998765,0.399915924528614,0.196006852202117,0.396061180625111,0.577854369999841,0
0.342614099383354,0.482136351754889,0.0694587416946888,0.454954069340602,0.947512933518738,0.807347990339622,0.820412443485111,1
0.560314303496853,0.0982615558896214,0.722700217040256,0.91293630306609,0.0816244133748114,0.739222391974181,0.199878882383928,0
0.915496198926121,0.808162943227217,0.717130115255713,0.968817543238401,0.277924564434215,0.674368225503713,0.154373486759141,0
0.0997637938708067,0.0028673552442342,0.88503053621389,0.531374688027427,0.978273666463792,0.751781202387065,0.119223107816651,1
0.327298829331994,0.570720129646361,0.226818921975791,0.433283892925829,0.867438183631748,0.626351017970592,0.132784375688061,1
0.11027121823281,0.031971079763025,0.432903698412701,0.837446267949417,0.726365774637088,0.27808352606371,0.444838377181441,1
0.175646110903472,0.884498410159722,0.926210511708632,0.50976939778775,0.255093980347738,0.223301784601063,0.2615110501647,0
0.847887946525589,0.285429451148957,0.0882366294972599,0.210826043738052,0.173349933931604,0.283454212127253,0.69821372628212,0
0.443828173680231,0.481863484950736,0.506329977419227,0.266716049285606,0.114016148028895,0.418044688180089,0.21347782202065,0
0.248872943455353,0.232910005375743,0.777732335263863,0.650477058952674,0.177401563152671,0.647121973102912,0.0272868473548442,0
0.649592395406216,0.164727837778628,0.708531405776739,0.88449984928593,0.368640997447073,0.0392440420109779,0.744695397559553,0
0.248929928988218,0.743660012958571,0.715196733130142,0.282718256115913,0.231096146861091,0.249290617182851,0.712606544839218,0
0.924332350026816,0.601017767330632,0.854904350824654,0.0890764552168548,0.206999191548675,0.0649492160882801,0.236031974665821,0
0.138885726220906,0.485066614346579,0.0757229831069708,0.896141804987565,0.90016832225956,0.238114222884178,0.435299002565444,1
0.23908422049135,0.248665679711848,0.28059384948574,0.784288639901206,0.04635811294429,0.367287485860288,0.835889535723254,0
0.799705546814948,0.039565313141793,0.0876200497150421,0.657431003171951,0.767234371043742,0.0515096075832844,0.350361630087718,1
0.548682645661756,0.0572072267532349,0.690645170165226,0.343978128861636,0.937721627065912,0.315790087450296,0.352957154624164,1
0.691337749129161,0.630597745999694,0.780539039522409,0.448093525599688,0.493808774044737,0.583052724134177,0.512540388619527,1
0.870454955613241,0.957766217412427,0.320942050078884,0.0937105889897794,0.849251258186996,0.256293560145423,0.0689271534793079,1
0.887128468137234,0.933926332509145,0.393145435024053,0.554006039863452,0.391704063396901,0.775254857260734,0.370715910103172,0
0.792186857899651,0.217104930430651,0.285560904303566,0.0769590716809034,0.0301193404011428,0.597740399418399,0.0993891032412648,0
0.196987899951637,0.200598639901727,0.43833429319784,0.357167871668935,0.411044480744749,0.821414061821997,0.977709686849266,1
0.355467249173671,0.822528362041339,0.769255428574979,0.949157331138849,0.19853898906149,0.443662194535136,0.0768314378801733,0
0.0911084897816181,0.612066705478355,0.806284579215571,0.409294650191441,0.347431353293359,0.847228149650618,0.849381481064484,0
0.399653353029862,0.986136754509062,0.945102710975334,0.752301283413544,0.905694005545229,0.731509262463078,0.334934893762693,1
0.1333693403285,0.11450135265477,0.00306586478836834,0.330556794302538,0.641757260542363,0.993497896473855,0.050832700682804,1
0.832141446415335,0.700156534090638,0.97371768951416,0.757901800563559,0.868071043165401,0.74046254879795,0.820698642637581,1
0.449112818110734,0.773198169190437,0.716164749348536,0.325424087001011,0.889985184883699,0.26540487841703,0.27517956495285,0
0.566395417787135,0.623308638576418,0.957591572310776,0.523055503377691,0.114475055364892,0.650947829009965,0.0132211919408292,0
0.460601850412786,0.0795044412370771,0.76736960047856,0.970126694999635,0.247774575836957,0.643943290226161,0.288251393241808,0
0.21704412274994,0.00689850631169975,0.280032285489142,0.207239378243685,0.112912589916959,0.0220272864680737,0.0181956617161632,0
0.570033087860793,0.029124672524631,0.925950410310179,0.66873190109618,0.880779490340501,0.700543537503108,0.710887209977955,1
0.499041082570329,0.811404328793287,0.27862978191115,0.689709457801655,0.537049781996757,0.791922393720597,0.113631349755451,1
0.540616001933813,0.719819345045835,0.96871219878085,0.480912014376372,0.0799355178605765,0.88317418214865,0.418453009799123,0
0.523961698869243,0.838673634920269,0.422529875300825,0.507048615720123,0.152283743256703,0.339175041764975,0.553591954056174,0
0.519955273484811,0.409756671404466,0.344844085164368,0.311245300574228,0.456290248548612,0.164377296110615,0.762672175886109,1
0.19978634826839,0.54215047089383,0.631883242167532,0.37222634581849,0.39890470681712,0.903968044323847,0.231169059406966,0
0.161891269497573,0.475984320510179,0.472429442917928,0.530526179354638,0.492538609309122,0.277052549878135,0.87801841692999,1
0.865609695669264,0.850675997324288,0.697019479237497,0.207215846050531,0.556885670172051,0.817097930237651,0.315793792251498,1
0.0644347604829818,0.656322586350143,0.90870370529592,0.723712380044162,0.0682992786169052,0.28953640954569,0.381956602213904,0
0.952528324909508,0.0504976762458682,0.407702237600461,0.556921942392364,0.121039894642308,0.703964081127197,0.921758247772232,0
0.198593728709966,0.722043752670288,0.0961257987655699,0.323186414316297,0.8068449604325,0.602905735606328,0.612843240844086,1
0.662987598450854,0.765433909371495,0.594934341032058,0.90767920576036,0.524456359213218,0.214108392829075,0.155522431246936,1
0.431783507578075,0.918202880304307,0.443459506612271,0.425925267394632,0.545541842700914,0.968914698110893,0.496786301257089,1
0.185593011556193,0.765189773868769,0.92567729530856,0.598553432850167,0.96145927417092,0.260223273653537,0.816479665227234,1
0.880683780647814,0.158327727112919,0.289545416366309,0.119236228987575,0.529091747943312,0.545513699762523,0.17742281104438,1
0.865683809155598,0.254181929398328,0.727626952342689,0.54362901696004,0.890884600812569,0.741132409079,0.847243185853586,1
0.0663863508962095,0.894507348071784,0.305733399000019,0.747682865010574,0.794119044905528,0.266312236431986,0.333899395307526,1
0.957319873617962,0.505059417104349,0.0924410410225391,0.779563133371994,0.785630304832011,0.113132543861866,0.997745630564168,1
0.294948109425604,0.240712343016639,0.571958555607125,0.641204560408369,0.601982762338594,0.0208392115309834,0.960031080758199,1
0.829486890695989,0.661673980299383,0.876627881312743,0.177186662098393,0.018092263257131,0.535178111400455,0.829457030398771,1
0.0188951850868762,0.810848750174046,0.41823907266371,0.875088853063062,0.568207804346457,0.221959814894944,0.313532576197758,1
0.326844296650961,0.368052148493007,0.165286720031872,0.848606118466705,0.00343568925745785,0.45757781015709,0.0384751376695931,0
0.695466518169269,0.599187326384708,0.473505259491503,0.911416701041162,0.831182508030906,0.182431370951235,0.218499390175566,1
0.535462571308017,0.733989132801071,0.75635649333708,0.265165969729424,0.437235599849373,0.133759831776842,0.957522455370054,1
0.302601492032409,0.270460652187467,0.801644531777129,0.404681587824598,0.272230607224628,0.135456671006978,0.525597776286304,0
0.273905560839921,0.634654999244958,0.046445693820715,0.290966094005853,0.515590843511745,0.0420396882109344,0.846869217697531,1
0.171151598682627,0.986325288657099,0.130769005278125,0.898817491019145,0.672132012201473,0.613267287379131,0.930817308370024,1
0.235443977173418,0.23920694575645,0.204372876090929,0.0360772411804646,0.548879792448133,0.68248625844717,0.361664640251547,1
0.207339639775455,0.541555960895494,0.257563946535811,0.832588874036446,0.982765204971656,0.64333094493486,0.23707205359824,1
0.134271825430915,0.0350972320884466,0.146775087574497,0.457224315963686,0.161126879742369,0.677198914811015,0.729327719192952,0
0.739172900328413,0.568822880741209,0.987754915142432,0.48774341843091,0.763275923440233,0.129964295774698,0.393958219559863,1
0.410439887316898,0.409362428821623,0.288930748123676,0.874369179364294,0.850532291689888,0.868311447789893,0.858123119222,1
0.977929140906781,0.298179108882323,0.36506164749153,0.515901989769191,0.143855765694752,0.658424046356231,0.150810371153057,0
0.562323733232915,0.699974252609536,0.976620987523347,0.432412920054048,0.869576696539298,0.846353625645861,0.561875630170107,1
0.917971501126885,0.325293007306755,0.151208242401481,0.952729270560667,0.0757544871885329,0.714318306883797,0.882890816545114,0
0.773127344436944,0.956318276003003,0.241129242116585,0.303771085338667,0.15090500889346,0.88252343214117,0.86713677062653,1
0.943032433977351,0.647114859893918,0.448514601681381,0.138627071399242,0.942408323055133,0.506780854659155,0.855527029372752,1
0.434454224072397,0.248792929807678,0.340778901707381,0.847158922348171,0.860879449406639,0.829502103617415,0.619448245270178,1
0.530790607910603,0.0811685095541179,0.466082683531567,0.536896546836942,0.127142050070688,0.407796448795125,0.548451942158863,0
0.87016859697178,0.621900135651231,0.946784904226661,0.473273857729509,0.544530030107126,0.759671875275671,0.718828025972471,1
0.0565329240635037,0.0752108774613589,0.356473056366667,0.907786054769531,0.148946444038302,0.606729483697563,0.127625434426591,0
0.511172922095284,0.568205884890631,0.820550562813878,0.822587467264384,0.252264143666252,0.00488743744790554,0.455259998561814,0
0.618708675261587,0.929255782626569,0.991452462039888,0.800239593256265,0.841093179536983,0.664783884072676,0.734037317102775,1
0.121075234143063,0.472288111690432,0.639543716562912,0.981318138539791,0.139519652351737,0.585658525815234,0.285341114038602,0
0.928617073688656,0.773460100870579,0.654198547592387,0.966439699288458,0.977186663541943,0.352442922070622,0.170079083181918,1
0.323950187070295,0.395148203475401,0.0392192171420902,0.80440870532766,0.873886008979753,0.118315589847043,0.942850269610062,1
0.07655935944058,0.513045782921836,0.920216080266982,0.153593524126336,0.960103333927691,0.537183414679021,0.3515303095337,0
0.789763903710991,0.442790275206789,0.170880727702752,0.0166538471821696,0.482314377091825,0.729667839594185,0.0366195442620665,1
0.641353397630155,0.826959918951616,0.10078299487941,0.642882419051602,0.230813289992511,0.580093082971871,0.896842772141099,0
0.170448687626049,0.714519735891372,0.0434655733406544,0.679854923160747,0.613883084617555,0.383475374896079,0.415153437526897,0
0.861856162315235,0.123112411936745,0.545171459903941,0.723342146957293,0.733954830560833,0.433318648487329,0.723255394492298,1
0.755491845309734,0.0450156005099416,0.323451151605695,0.923174172407016,0.0404609409160912,0.457536072935909,0.0783975780941546,0
0.482225521700457,0.88556269952096,0.49167577829212,0.947452248539776,0.0345779112540185,0.873343128478155,0.900978484423831,0
0.358394808135927,0.777426198357716,0.401742106769234,0.787141495617107,0.510724522871897,0.833110498264432,0.742622322868556,1
0.367008611792699,0.629840635228902,0.645729736657813,0.236211201176047,0.757993698818609,0.798655629623681,0.0706880488432944,1
0.791405879659578,0.337884665699676,0.604269711766392,0.949220440350473,0.334860897623003,0.438971241470426,0.502039992250502,1
0.439759082626551,0.981266572140157,0.0650674370117486,0.477322168182582,0.388332616537809,0.89974666852504,0.0539362814743072,0
0.372116355923936,0.283220059704036,0.176257511135191,0.853308936813846,0.130542241036892,0.287237270735204,0.0145239024423063,0
0.441393998451531,0.657964122481644,0.0902137036900967,0.0722112392541021,0.939961823867634,0.696954636601731,0.409564045956358,1
0.326484796125442,0.740287158638239,0.538903297623619,0.415253583807498,0.135915317805484,0.826573882019147,0.24753206060268,0
0.693272339412943,0.667409792076796,0.524400408612564,0.976680465275422,0.275812620762736,0.457202153280377,0.921931521734223,1
0.239383584586903,0.0889098027255386,0.179707325296476,0.397840845631436,0.867169511504471,0.499503279337659,0.0385264467913657,0
0.807726996717975,0.851098403334618,0.334867246681824,0.551013523479924,0.928440445568413,0.851760287769139,0.0363455633632839,1
0.0589324918109924,0.900933181634173,0.878014221787453,0.546337227104232,0.826333165401593,0.01026854920201,0.239814594388008,0
0.898808127036318,0.738651017891243,0.452440004562959,0.564945797203109,0.230055250460282,0.953243666794151,0.823753194883466,0
0.704109872691333,0.0525770231615752,0.572784323478118,0.940036212094128,0.850405663717538,0.985091015929356,0.85154989361763,1
0.0427573926281184,0.450759780826047,0.551001264713705,0.365452591329813,0.0308886922430247,0.101706903893501,0.87118188617751,0
0.421950838062912,0.194014929467812,0.41475794930011,0.83499577944167,0.964200276881456,0.937318011187017,0.246978639159352,1
0.952941921306774,0.290567799704149,0.690922970185056,0.549164423486218,0.850945501588285,0.513806761940941,0.896790414117277,1
0.701780673582107,0.579101925250143,0.762152794981375,0.506427260814235,0.949276015395299,0.759512624004856,0.959319911664352,1
0.439263850217685,0.0942537793889642,0.431551112327725,0.706724191550165,0.156152101000771,0.137207263614982,0.655493433121592,0
0.568714225897565,0.404248489299789,0.933737287297845,0.848643540870398,0.569841379532591,0.889797715004534,0.95852635265328,1
0.488389725564048,0.00435655959881842,0.181342179421335,0.098283372586593,0.781176410615444,0.0563486719038337,0.224762569880113,0
0.0558448801748455,0.0517289377748966,0.643893802538514,0.26919708144851,0.245475998381153,0.864630708470941,0.226046127732843,0
0.790953235235065,0.766328344587237,0.0926391438115388,0.127538817701861,0.934172073379159,0.0527020250447094,0.389997333055362,1
0.0404190625995398,0.25876810355112,0.636061589466408,0.185451959259808,0.627588032977656,0.758351051947102,0.18635067017749,1
0.298696223413572,0.397456300444901,0.545824539382011,0.248981764074415,0.0993826135527343,0.702130150748417,0.599870102247223,0
0.481394119327888,0.378224077168852,0.327977084321901,0.909827777883038,0.404790387256071,0.0387616830412298,0.412249903194606,1
0.40737719531171,0.857280519558117,0.280016493285075,0.942078633233905,0.367175505962223,0.357098942855373,0.956159168621525,1
0.239740301854908,0.826784463832155,0.871771457605064,0.555100081721321,0.905349676962942,0.976274640997872,0.107324536889791,1
0.78974787844345,0.451439295196906,0.355648533673957,0.447195356246084,0.905239950865507,0.367416517576203,0.947342508705333,1
0.779632849618793,0.594434230355546,0.00147789972834289,0.656561545096338,0.824570669326931,0.336070135002956,0.3490731860511,1
0.412024363875389,0.46989305713214,0.113479564199224,0.354568507755175,0.22866586712189,0.487183759221807,0.814279590034857,0
0.681773850694299,0.7274610765744,0.761509853880852,0.240885705919936,0.60434823972173,0.607562819728628,0.254559968365356,1
0.290163034573197,0.945974718313664,0.446180129889399,0.0917170934844762,0.483624843880534,0.340252867434174,0.588645044248551,1
0.097424098988995,0.451080787926912,0.163792970357463,0.580592998303473,0.192143822088838,0.909198655514047,0.729831201722845,0
0.984292734181508,0.369799884734675,0.35637179412879,0.0149840516969562,0.876257271505892,0.423287166748196,0.569187722867355,1
0.223780141212046,0.13484116923064,0.0899294158443809,0.900684632593766,0.340977491578087,0.787152716424316,0.931832061614841,1
0.438779226504266,0.901272005168721,0.218884482048452,0.618837054818869,0.305312757613137,0.472417889395729,0.743434723000973,0
0.643354443367571,0.587044248357415,0.932188637088984,0.986893599620089,0.981680901022628,0.0215092189610004,0.492609065724537,1
0.941725151613355,0.629098956938833,0.215538523392752,0.645907782716677,0.0947096680756658,0.86437333538197,0.84050816623494,1
0.157649674220011,0.199816236505285,0.126497449586168,0.553227866999805,0.0981341134756804,0.455987306311727,0.109029030194506,0
0.566451138118282,0.102829278912395,0.153036523610353,0.379292584955692,0.83482421701774,0.160714523866773,0.265586382243782,1
0.896900301799178,0.697013033088297,0.326969952788204,0.4948079676833,0.478194958763197,0.814852087758482,0.589938755845651,1
0.0982805932871997,0.301110026193783,0.395608393475413,0.0152064280118793,0.106805441435426,0.583570521324873,0.842366850702092,0
0.261349760228768,0.390544022200629,0.67990420316346,0.24921451904811,0.406969435280189,0.0573274823836982,0.181867694249377,0
0.638627004344016,0.215083233779296,0.439673520391807,0.503597167320549,0.420655518304557,0.0757440757006407,0.239496344001964,1
0.869700313778594,0.484062517527491,0.875029204413295,0.983760765288025,0.684704520739615,0.857898372225463,0.902454941999167,1
0.818322808947414,0.661769456695765,0.629243995528668,0.660566226346418,0.789167857030407,0.354976509930566,0.0203643825370818,1
0.454577426193282,0.595249966951087,0.821368519915268,0.827826296212152,0.358941920800135,0.980351068312302,0.386665469966829,0
0.015417312271893,0.398046041140333,0.843921124236658,0.172143614618108,0.324147744104266,0.463984064990655,0.857732499018312,0
0.116892940597609,0.95876669511199,0.0645619230344892,0.388722285628319,0.736152135068551,0.604332406073809,0.95688528008759,0
0.85309771168977,0.281368960160762,0.435561570571736,0.55975952418521,0.609157745726407,0.89157349569723,0.791351313237101,1
0.528374631190673,0.0351167125627398,0.24383238167502,0.996679509757087,0.85317975259386,0.308855167822912,0.429477599216625,1
0.871954457601532,0.881459795171395,0.716395001625642,0.0956655584741384,0.0110687566921115,0.755130667239428,0.0418248169589788,0
0.239276083419099,0.381290611810982,0.716380050638691,0.0645821802318096,0.590647940291092,0.872201296500862,0.285013138549402,0
0.21121245669201,0.730575501453131,0.576605584472418,0.879832553677261,0.388700943207368,0.833205980248749,0.335560646606609,0
0.360803777817637,0.901914288289845,0.146503747208044,0.762247449019924,0.861873355694115,0.91745952819474,0.455581671092659,1
0.859084696276113,0.415009210351855,0.657685544807464,0.428083806764334,0.0983217679895461,0.456845387816429,0.350582031533122,0
0.185702051967382,0.815920971566811,0.854219926521182,0.376446146750823,0.768745967419818,0.809853413840756,0.839626242173836,1
0.510897262021899,0.842093758750707,0.185383199946955,0.995940973516554,0.362614567857236,0.227009915048257,0.604207064723596,0
0.888206346426159,0.90545303071849,0.688314805738628,0.702561743091792,0.0543226287700236,0.737001375993714,0.353937219595537,1
0.915483943419531,0.338654669933021,0.5199759316165,0.0597269518766552,0.303850163239986,0.628717289771885,0.480093627702445,0
0.780065123224631,0.267783672083169,0.475235156947747,0.186499061062932,0.628355585271493,0.208747641881928,0.0973528381437063,1
0.0421420093625784,0.0134464493021369,0.551480795489624,0.150707897497341,0.345473791006953,0.313260299153626,0.3213550534565,0
0.101816672133282,0.000120655866339803,0.454468973912299,0.461921581998467,0.177117969840765,0.437914869049564,0.785535226110369,0
0.358176430221647,0.512781029334292,0.265063707251102,0.669365107314661,0.533755369950086,0.24600925296545,0.966245763236657,1
0.966419560601935,0.0790048104245216,0.603886463213712,0.0640094107948244,0.787106834352016,0.246908834436908,0.801994697889313,1
0.666208144044504,0.270115951774642,0.838310298509896,0.455953462049365,0.676367230480537,0.885946740861982,0.881150518311188,1
0.655218604952097,0.40518783335574,0.619049220345914,0.415215326007456,0.832555507542565,0.747510347282514,0.0619698725640774,1
0.454857147531584,0.121668434236199,0.783065155381337,0.496866634814069,0.567414059303701,0.970943584572524,0.0584233943372965,1
0.483891405863687,0.120098286774009,0.896942736813799,0.906203015241772,0.0564257903024554,0.0621221582405269,0.327358053298667,0
0.784447375219315,0.18170817499049,0.909520618617535,0.312757097650319,0.454476653132588,0.883031387347728,0.945926673477516,1
0.580214267363772,0.692042388254777,0.805281120818108,0.125878216233104,0.471064956625924,0.425628861645237,0.885771847562864,1
0.203874516300857,0.289498634170741,0.549902575323358,0.164754412369803,0.563707939581946,0.559685709187761,0.269030461087823,1
0.547681760508567,0.415899168001488,0.0836981392931193,0.316689323168248,0.836223875638098,0.245056537212804,0.805156203918159,1
0.0243759397417307,0.816778326872736,0.164230910362676,0.569833203917369,0.57650084933266,0.251357682282105,0.512261637486517,1
0.232967448653653,0.903164100134745,0.435115751577541,0.575948032084852,0.879959146259353,0.393731974530965,0.315664876252413,1
0.22827615425922,0.426390177570283,0.460133963963017,0.594741066452116,0.617038996191695,0.513073579175398,0.390361216617748,1
0.804314845707268,0.25910815759562,0.57282025530003,0.361000544857234,0.140771795995533,0.695393764181063,0.801221817964688,0
0.498815063154325,0.2626707109157,0.471195080550388,0.771262384252623,0.606331759365276,0.283454495482147,0.396820490481332,1
0.468794243177399,0.557990523986518,0.839307529153302,0.276123639661819,0.829124875832349,0.35249135340564,0.874309754930437,1
0.657655018847436,0.73520446382463,0.284233388956636,0.07248913962394,0.219971668673679,0.426697022514418,0.909149555722252,0
0.00119535019621253,0.349090348463506,0.077013507951051,0.503201594110578,0.861012595007196,0.715742054162547,0.265264114132151,1
0.147057286463678,0.500918131554499,0.652472225716338,0.587415570626035,0.204031246481463,0.646242054877803,0.927309012506157,1
0.233412826899439,0.993393060052767,0.933071857318282,0.0478585176169872,0.772804728941992,0.35942265111953,0.609588518738747,1
0.82970909611322,0.748058672063053,0.847181221004575,0.951841638423502,0.0719018939416856,0.766788874287158,0.558966832933947,1
0.962954475311562,0.0846804059110582,0.150323411216959,0.476217381190509,0.519239958608523,0.13647973164916,0.273691711714491,1
0.695701513672248,0.579046749742702,0.250362547347322,0.0585217566695064,0.596191750140861,0.0106805050745606,0.288693242240697,1
0.473438483197242,0.861476342426613,0.894845593487844,0.488009887747467,0.711458232719451,0.960402314784005,0.145493195159361,1
0.69129929644987,0.0186226675286889,0.458937604678795,0.0969015713781118,0.47922472585924,0.700850577093661,0.746814439538866,1
0.777097366284579,0.698443753179163,0.367139966925606,0.768790530506521,0.477882002945989,0.907222470501438,0.364361931569874,1
0.117725794902071,0.550905122421682,0.0188121031969786,0.397549023618922,0.392214556923136,0.249225831590593,0.264470129972324,0
0.211456225486472,0.261839519487694,0.671110097318888,0.935724608134478,0.0733354249969125,0.260153254494071,0.794454609276727,0
0.747757736127824,0.530454386258498,0.303626370616257,0.723399806534871,0.252019782550633,0.759659777162597,0.0727123722899705,0
0.649582194630057,0.854843975044787,0.345444534206763,0.636271360795945,0.317556669004261,0.104652790119871,0.846984746167436,0
0.278769583906978,0.672118107788265,0.518902107840404,0.717612883541733,0.953639274695888,0.285330580547452,0.473112887702882,1
0.0913500778842717,0.27000941731967,0.18053896445781,0.140566861955449,0.180903868051246,0.672228680923581,0.377530383877456,0
0.423357359832153,0.923149024602026,0.302054989850149,0.482508826302364,0.680059362435713,0.53901774296537,0.481445814250037,1
0.783824577927589,0.487296811304986,0.678206296637654,0.38125975150615,0.828976714517921,0.513619081815705,0.257467290386558,1
0.099951108917594,0.154613241553307,0.518278500065207,0.945457775844261,0.310565027175471,0.328958176774904,0.197317335521802,0
0.905664272373542,0.545165952760726,0.296357773477212,0.728933826787397,0.396762260701507,0.729727412806824,0.324715558206663,0
0.405474212253466,0.937446961179376,0.0173274024855345,0.816087151644751,0.129155446076766,0.380879421485588,0.0907182868104428,0
0.0633124790620059,0.678957292577252,0.406357096740976,0.943659301381558,0.867635844741017,0.00484017748385668,0.58243419136852,1
0.518659555120394,0.739122970262542,0.256160221062601,0.408019832568243,0.122283626580611,0.413751349784434,0.991439095698297,0
0.778160469606519,0.41866689058952,0.441569265211001,0.657979725860059,0.0172559637576342,0.748383314814419,0.161363870836794,0
0.00808893307112157,0.869820901891217,0.120768556138501,0.860498978756368,0.821587861981243,0.167850664816797,0.256899788510054,1
0.453341507120058,0.776556233409792,0.489945421926677,0.239952821284533,0.897259657969698,0.182594206416979,0.480092798359692,1
0.0354995254892856,0.940377884311602,0.128265154547989,0.770081392955035,0.802349541336298,0.698677167063579,0.187768460484222,1
0.391053466824815,0.298321953043342,0.957174802199006,0.132413116516545,0.618448045104742,0.0596198940183967,0.0907979032490402,1
0.153125872835517,0.767801777925342,0.44636296806857,0.0995692426804453,0.199700410012156,0.962589423405007,0.922835612669587,0
0.825036245863885,0.689317914424464,0.348499636165798,0.670050831045955,0.149301019264385,0.019963419996202,0.468449970474467,0
0.900629752315581,0.382475652033463,0.624493022914976,0.389000087510794,0.931386237964034,0.140778740635142,0.568944267230108,1
0.570986971259117,0.311522901756689,0.264677955536172,0.975764176342636,0.432680421741679,0.225441418820992,0.350289170164615,1
0.816137185320258,0.332224232144654,0.832346103386953,0.414535546675324,0.395053243497387,0.0553506833966821,0.307485260767862,0
0.553619689308107,0.668057015165687,0.0748168136924505,0.684209070168436,0.686537295812741,0.733998031588271,0.398789879167452,1
0.950943544972688,0.432172787608579,0.330552470637485,0.760115442797542,0.943565017078072,0.579583754995838,0.52076779352501,1
0.208026508335024,0.85081899119541,0.067404743283987,0.98131580138579,0.68062029290013,0.972514885244891,0.807529285782948,1
0.622053715633228,0.220477793598548,0.827035458292812,0.116959762061015,0.39381199865602,0.671595665160567,0.368990367045626,0
0.31745069893077,0.987133435439318,0.542413884075359,0.0175149505957961,0.724118740065023,0.221970305778086,0.132664274657145,1
0.352573910960928,0.444788352586329,0.77357813064009,0.805807520635426,0.960560950217769,0.283962718211114,0.770943657960743,1
0.434618528233841,0.974001815775409,0.727708227001131,0.845622749067843,0.274561112048104,0.354204974137247,0.71561091253534,1
0.585428800666705,0.609350595856085,0.340352311963215,0.294921102467924,0.720230341888964,0.00608259765431285,0.382403031224385,1
0.492604058701545,0.912094467086717,0.370551067404449,0.568392345914617,0.333610649453476,0.27193328528665,0.89399151946418,0
0.38142716162838,0.59171317378059,0.268942744936794,0.629829756915569,0.259549331618473,0.41872550942935,0.943325919797644,0
0.784327157307416,0.0592664312571287,0.661182211479172,0.939584537409246,0.979802730260417,0.765000966610387,0.192397443577647,1
0.906308473553509,0.256297155516222,0.657497606705874,0.111148797441274,0.0973854917101562,0.54747928539291,0.494808007031679,0
0.503955597057939,0.816281434614211,0.0229284870438278,0.115426163887605,0.105868488550186,0.391797105781734,0.121535250218585,0
0.506230728002265,0.0577495719771832,0.13128172676079,0.912387500051409,0.875405560946092,0.840930053265765,0.165054999990389,1
0.45085593406111,0.744288168847561,0.547079610871151,0.132950418628752,0.231853017117828,0.0186639500316232,0.110538738546893,0
0.109303181990981,0.161178243812174,0.98834184021689,0.460252435645089,0.774401936912909,0.317032435676083,0.716503412462771,1
0.422396751353517,0.183621983043849,0.535449733491987,0.838609241647646,0.537293540546671,0.385972381336614,0.893974649021402,1
0.115525273373351,0.745277092792094,0.991776783019304,0.574791186256334,0.0891814369242638,0.00977996946312487,0.840376283740625,0
0.287208333844319,0.513663930585608,0.375807197066024,0.281148678390309,0.290983642218634,0.168303353711963,0.841916731325909,0
0.0972488336265087,0.729500901419669,0.795645815087482,0.652255408000201,0.917387138586491,0.563022785354406,0.759347913088277,1
0.556286503560841,0.180890348274261,0.491262032650411,0.948468864429742,0.950769187184051,0.415902856038883,0.212108394829556,1
0.314674406545237,0.262902532704175,0.753723131725565,0.788126039551571,0.614952600328252,0.558446267619729,0.773454452166334,1
0.299161507980898,0.933901665965095,0.0162638099864125,0.676884699845687,0.579752318561077,0.182544294511899,0.217877135844901,0
0.584952626610175,0.947710323380306,0.221774128964171,0.678489539539441,0.346293529728428,0.821356584085152,0.982604904100299,0
0.47869405685924,0.693613505689427,0.727609898662195,0.184139814693481,0.677184424130246,0.494946452556178,0.490252809599042,1
0.220334408106282,0.581009493442252,0.625590413575992,0.438100084429607,0.883600060595199,0.820320963393897,0.126471027033404,1
0.750483706127852,0.447859599953517,0.890810969285667,0.258597220294178,0.71457881340757,0.86990916589275,0.781025369884446,1
0.526433679740876,0.502074416261166,0.100692890584469,0.993763742269948,0.326658140635118,0.576552913989872,0.461705907247961,0
0.165119020501152,0.511528582544997,0.152961833402514,0.576892935670912,0.219007093459368,0.445613379124552,0.168941826093942,0
0.988545118598267,0.359046553028747,0.343569666380063,0.884850312955678,0.930202217539772,0.980834122514352,0.556677608285099,1
0.634081103140488,0.452403407078236,0.776426041964442,0.570495929103345,0.36510155024007,0.686128767207265,0.994066484970972,0
0.183654573513195,0.993535330984741,0.171487076906487,0.949469634797424,0.674114161171019,0.0500918771140277,0.468520384514704,1
0.0258243780117482,0.980637024156749,0.596039243740961,0.79787253565155,0.417562691029161,0.744940532138571,0.565033575054258,1
0.741495223483071,0.806820394704118,0.362877961248159,0.0773788073565811,0.0778185459785163,0.317658945452422,0.0308180670253932,0
0.790971406502649,0.56929413205944,0.339864952722564,0.7092489823699,0.0285940209869295,0.722266636788845,0.655842517968267,0
0.935005504405126,0.707381094340235,0.497563985409215,0.188631999539211,0.767656422685832,0.960606707027182,0.208089957013726,1
0.880784406559542,0.177998768631369,0.580095798242837,0.00822823494672775,0.286152201937512,0.795301747508347,0.735647504450753,0
0.440308513352647,0.465710261603817,0.278175375657156,0.00355372065678239,0.34897535527125,0.215371359372512,0.679838558426127,0
0.608229503734037,0.547701613977551,0.473841659491882,0.0277558218222111,0.0845331076998264,0.304921607719734,0.557713209185749,0
0.191367875086144,0.952554117422551,0.378883571363986,0.294583589071408,0.0151006982196122,0.543759045889601,0.980258395429701,0
0.865637899376452,0.339283206500113,0.519352212082595,0.523776294896379,0.858097431482747,0.188538934336975,0.546021988382563,1
0.753642595140263,0.107038004556671,0.262534610694274,0.00371802248992026,0.540227035991848,0.70046472363174,0.99636180466041,1
0.774298198753968,0.965960282832384,0.695089840795845,0.937368872808293,0.952456215396523,0.594127003336325,0.370525331003591,1
0.651080352021381,0.799231594195589,0.88335370272398,0.760188228683546,0.572258583270013,0.391498798737302,0.304402521578595,1
0.839343271916732,0.985835146158934,0.777450367808342,0.276107829762623,0.111477636964992,0.109046912752092,0.905314000789076,0
0.882445059716702,0.0129815230611712,0.906527223996818,0.797193341655657,0.47879485716112,0.344743537250906,0.755370357073843,1
0.723214431200176,0.0333125600591302,0.703047736547887,0.79977619368583,0.973690321203321,0.550826056394726,0.567778263706714,1
0.321377991233021,0.147755447542295,0.0906302232760936,0.817557992646471,0.111421905225143,0.390001746127382,0.154718979028985,0
0.458065315382555,0.466072072507814,0.0197878242470324,0.499235281953588,0.0170216606929898,0.638519740896299,0.883386893197894,0
0.233433319721371,0.343575714854524,0.130988427903503,0.0131786882411689,0.0611279506701976,0.0882390537299216,0.924914178904146,0
0.506987028056756,0.164298457326367,0.51320857135579,0.819530004868284,0.0516226533800364,0.345797315938398,0.309242689283565,0
0.583697371883318,0.980770135764033,0.898074061842635,0.776502726133913,0.0520885842852294,0.911634746007621,0.58387052314356,1
0.79519832925871,0.49186100717634,0.0701609905809164,0.967154227430001,0.987111633410677,0.359208849491552,0.173961268737912,1
0.497659838059917,0.588963996153325,0.0642420877702534,0.688708449015394,0.854531788034365,0.846968789817765,0.592552592745051,1
0.86076534143649,0.69003860396333,0.361883365083486,0.515792861115187,0.60858040349558,0.622505663661286,0.501254438888282,1
0.745698174228892,0.119479756103829,0.729521733475849,0.242455719970167,0.300191494869068,0.764662381727248,0.0462886218447238,0
0.872766869841143,0.159254789585248,0.722962539410219,0.123503281967714,0.800476333126426,0.161874331766739,0.471443838207051,1
0.0580983988475055,0.553435615729541,0.77838263544254,0.995829439954832,0.358691193396226,0.191270514391363,0.966413114219904,0
0.865632975706831,0.0159644752275199,0.434856936801225,0.587739902781323,0.993087251903489,0.616481167031452,0.579677405068651,1
0.314518101513386,0.692309723468497,0.286248952848837,0.360625884961337,0.399140807567164,0.758829811122268,0.362700476078317,0
0.103389583062381,0.669493423309177,0.843427147716284,0.707177633652464,0.628540931269526,0.785170139279217,0.868423911510035,1
0.0953637494239956,0.863445514347404,0.226783745223656,0.87250601965934,0.797589224996045,0.301070708082989,0.18782216636464,1
0.213127457303926,0.909188714111224,0.477478882996365,0.756879723630846,0.23918923176825,0.722371155163273,0.997293636668473,0
0.850575516466051,0.896619296632707,0.583104298682883,0.0323228652123362,0.0680118638556451,0.859242116101086,0.0562438180204481,0
0.745203100377694,0.0443670353852212,0.194147383328527,0.431541091296822,0.0520824007689953,0.193836043123156,0.416039432166144,0
0.448420517612249,0.406869254540652,0.558911943109706,0.760363302426413,0.506834458792582,0.515726582147181,0.247648052871227,1
0.76234836387448,0.457496795104817,0.591023331973702,0.452334031229839,0.359491006471217,0.861146117094904,0.0231301237363368,0
0.618770917411894,0.838783896761015,0.295904616592452,0.383153280708939,0.625332500552759,0.186026753857732,0.348247224697843,1
0.209498702315614,0.16551276599057,0.182147572981194,0.457113965414464,0.0558548604603857,0.167247805278748,0.918583245016634,0
0.457043248228729,0.538010936928913,0.88530183234252,0.710544352186844,0.0823013337794691,0.667490585241467,0.986860311124474,0
0.530422281939536,0.512444427935407,0.79527971544303,0.965021308744326,0.660065344534814,0.95618350035511,0.692418950377032,1
0.921323503600433,0.0706262963358313,0.105179010890424,0.959475243696943,0.722559324000031,0.134461993584409,0.63842404820025,1
0.63813499128446,0.901906517101452,0.445363661274314,0.752073205076158,0.18019323493354,0.905261878389865,0.915809215046465,0
0.754029673524201,0.907333012670279,0.927199185593054,0.871041893493384,0.0889520738273859,0.119790272787213,0.711416750214994,0
0.096104125957936,0.239525493467227,0.605213610921055,0.00678306678310037,0.0305550002958626,0.489988265326247,0.838384618517011,0
0.980601067887619,0.737685847096145,0.498459140071645,0.687501871259883,0.608539856038988,0.158882432384416,0.0551484022289515,0
0.944556884700432,0.174416814465076,0.981643387814984,0.161325837252662,0.295271991519257,0.564922482240945,0.576228643301874,0
0.152984691550955,0.271337535232306,0.349226442864165,0.26777432160452,0.167672119801864,0.395379326306283,0.629487839993089,0
0.597375417826697,0.325331869069487,0.0798444068059325,0.68729146849364,0.770901343319565,0.61697008786723,0.00814834819175303,1
0.403221268905327,0.608033351833001,0.547618782846257,0.676635087234899,0.985402142396197,0.864750566193834,0.827212975826114,1
0.720865129260346,0.14495506696403,0.252317296108231,0.591853254241869,0.256030270131305,0.56120975012891,0.806041994364932,0
0.821410999400541,0.994842560961843,0.102181472582743,0.345660754246637,0.357506583211944,0.198149404954165,0.48907258710824,0
0.81234979419969,0.0778696227353066,0.167260138550773,0.142716804053634,0.946970957797021,0.282507788622752,0.621500158915296,0
0.090788384899497,0.275432113790885,0.484408854274079,0.989150071982294,0.450436822371557,0.965263749239966,0.111786963418126,1
0.868262092815712,0.967771175550297,0.883338296087459,0.209967002505437,0.484762544510886,0.972065642243251,0.127168807433918,1
0.81315268506296,0.92587402719073,0.932568946387619,0.592621142277494,0.942585540469736,0.0498825339600444,0.721812328556553,1
0.396550850011408,0.389699682127684,0.93009265861474,0.131741079501808,0.211358914151788,0.19067220040597,0.168274397030473,0
0.529766337713227,0.272939868737012,0.238477805396542,0.975789227057248,0.204421713249758,0.924613246461377,0.25639015971683,1
0.536958272801712,0.706457604886964,0.888693696120754,0.69066362711601,0.857306067366153,0.867999927140772,0.86251254635863,1
0.113715780200437,0.734856623690575,0.983603905886412,0.580720212776214,0.491024512797594,0.222873897058889,0.971103051677346,1
0.488335414789617,0.566669817548245,0.923468778375536,0.46851205592975,0.284499722765759,0.533558340044692,0.291815681150183,0
0.116104880580679,0.0274490138981491,0.203967018751428,0.0155781011562794,0.971569425193593,0.661346722161397,0.611078579211608,1
0.450251520145684,0.77617236925289,0.580310489051044,0.276915126247332,0.135187422623858,0.556617327267304,0.0577417488675565,0
0.246284653199837,0.574452081462368,0.38349352334626,0.520323287695646,0.895283457124606,0.902890035882592,0.377059336286038,1
0.278020482044667,0.748326465720311,0.104635394411162,0.692266339669004,0.0359482921194285,0.511812558863312,0.377221406903118,0
0.51402184413746,0.570037006866187,0.348333962727338,0.521832239581272,0.0284441991243511,0.362475298112258,0.041392597835511,0
0.216535674873739,0.256231378065422,0.254996119299904,0.783450316404924,0.554856961360201,0.646154350833967,0.502481022151187,1
0.398359979270026,0.551908111665398,0.625964134931564,0.629424997372553,0.813566470053047,0.141507693333551,0.519206711556762,1
0.898297297535464,0.0575010562315583,0.108980480348691,0.269459467381239,0.748943127924576,0.932805693941191,0.752632672898471,1
0.432773365406319,0.991514206631109,0.459956608712673,0.391079044668004,0.62696939567104,0.949568025069311,0.427132410695776,1
0.944820530014113,0.445164729608223,0.653775289421901,0.40000681229867,0.872297380352393,0.0731267300434411,0.85104761319235,1
0.36922441329807,0.463931635953486,0.627635123440996,0.215222623432055,0.669978885678574,0.223784036934376,0.654302526731044,1
0.8186028173659,0.676957267103717,0.129109286703169,0.315116868587211,0.559129370842129,0.456199227366596,0.361404055031016,1
0.0180316558107734,0.709034461295232,0.500970471417531,0.171830664621666,0.444765886291862,0.105850317282602,0.320475823478773,1
0.78899573511444,0.386850384296849,0.207045637071133,0.811935189412907,0.410513413604349,0.476475560804829,0.506533620646223,1
0.242519439430907,0.608511246042326,0.543678862042725,0.898765832884237,0.0674072960391641,0.853676429018378,0.956602332415059,1
0.170642276294529,0.423728603636846,0.105875732842833,0.174226291710511,0.717718615429476,0.672192164463922,0.55666848202236,1
0.622971057659015,0.619664109544829,0.781609169440344,0.088151122443378,0.112714397488162,0.127195769222453,0.245401608990505,0
0.694308666978031,0.579638544702902,0.0663247636985034,0.78063060878776,0.950325969839469,0.743198031326756,0.429882332216948,1
0.411826584488153,0.629802043782547,0.50995746999979,0.331623951438814,0.748439820716158,0.562283045146614,0.0719839727971703,1
0.108243399066851,0.880810228176415,0.01182861905545,0.651211778866127,0.362912645563483,0.0754940102342516,0.582350987708196,0
0.472374809905887,0.413947140332311,0.205079554812983,0.499327856115997,0.141462349332869,0.971285394625738,0.905293547548354,1
0.876944936113432,0.702197720529512,0.72256510076113,0.824654799187556,0.427801409969106,0.239650320727378,0.756916332291439,1
0.779479287564754,0.0425824392586946,0.899363896576688,0.915463173529133,0.749893881380558,0.651920466450974,0.723215071484447,1
0.102147887460887,0.818946530576795,0.572124042315409,0.970794898923486,0.393951011588797,0.642950509674847,0.522952783387154,0
0.157628252869472,0.927597355330363,0.508268705103546,0.846710858866572,0.0181931650731713,0.637753118528053,0.817571543855593,0
0.550512700108811,0.74027959886007,0.687963888281956,0.0716678712051362,0.406425643712282,0.530809932155535,0.521260639186949,1
0.901250330498442,0.897595979273319,0.475816403515637,0.410694156074896,0.976404243381694,0.997305911965668,0.340382555965334,1
0.131019678432494,0.700928332749754,0.151568262837827,0.482856567716226,0.363139717373997,0.682711996138096,0.275055379373953,0
0.996794146951288,0.500265410169959,0.535721328342333,0.0861686544958502,0.818386216182262,0.583330451976508,0.486613508546725,1
0.683574029710144,0.386056580580771,0.719827858032659,0.734476247802377,0.283653292106465,0.998909918824211,0.185956565197557,1
0.63904734631069,0.857795487856492,0.54876492312178,0.478041344322264,0.554048931924626,0.822143083205447,0.862437467789277,1
0.480766149470583,0.81091982871294,0.693063491024077,0.797975260997191,0.542465554783121,0.256880840752274,0.959673418896273,1
0.486933732870966,0.291031915927306,0.386210510041565,0.973082080483437,0.703601886983961,0.11121965944767,0.565758763812482,1
0.825384123250842,0.85365169076249,0.681743419263512,0.849701930303127,0.983075922355056,0.000682127429172397,0.175364339957014,1
0.952643642667681,0.63504591351375,0.687771695898846,0.894919833866879,0.622795259347185,0.922136317705736,0.0317150542978197,1
0.507410713937134,0.687669077888131,0.808225766057149,0.954632475273684,0.370726245688275,0.811276055173948,0.317276554880664,0
0.929238263983279,0.480451315874234,0.170754364226013,0.336299164919183,0.0890372835565358,0.846510349772871,0.417213676963001,0
0.193804796319455,0.525296108797193,0.256822624709457,0.246414043474942,0.860549127915874,0.990971040446311,0.810592334251851,1
0.217685875017196,0.300432889955118,0.755123150534928,0.746059934375808,0.0879400612320751,0.651782383443788,0.976661436259747,0
0.430424353340641,0.600515416590497,0.618619211716577,0.150197556009516,0.968147910665721,0.514263552380726,0.922948800260201,1
0.186723860213533,0.754893458681181,0.0677944899071008,0.266864895122126,0.0638678425457329,0.550941084045917,0.455626097740605,0
0.280171647900715,0.833018030971289,0.255882326047868,0.398629139410332,0.195720054209232,0.100591424154118,0.0558531857095659,0
0.0214827535673976,0.131049380870536,0.663987004896626,0.592858448624611,0.620587071869522,0.0745838296134025,0.437542198225856,0
0.643281249329448,0.497401132015511,0.505696308566257,0.718455117428675,0.764265555189922,0.395831555593759,0.422072264598683,1
0.0191966097336262,0.847535213455558,0.525528084486723,0.787265425315127,0.441127017373219,0.87807638081722,0.352220267057419,1
0.848535092547536,0.173731574555859,0.934499191120267,0.630302262725309,0.0363396902102977,0.163300841813907,0.555314179975539,1
0.343807417433709,0.41076274192892,0.29592791525647,0.867863758234307,0.377476619090885,0.204139175126329,0.780751553596929,0
0.62409831606783,0.179434600053355,0.376658301334828,0.220284509239718,0.638817836530507,0.994822651613504,0.122022248571739,1
0.324197702575475,0.808969591278583,0.506090115755796,0.674183013150468,0.986314764944836,0.359987628413364,0.207135492935777,1
0.205979239661247,0.810275331139565,0.226599290966988,0.474707599030808,0.682977760676295,0.218374849995598,0.0262142333667725,1
0.51012603007257,0.26078359154053,0.175206372514367,0.188195714494213,0.564409879501909,0.989315478131175,0.650815379805863,1
0.324328920803964,0.642202243441716,0.042920830892399,0.284895160235465,0.975288923131302,0.239505040226504,0.256749568041414,1
0.944244859972969,0.374456933699548,0.164582473458722,0.447813245467842,0.23915986972861,0.445006024790928,0.444759102305397,0
0.0343961811158806,0.468544065952301,0.100783117115498,0.104686621809378,0.107039442518726,0.685024137143046,0.0764517178758979,0
0.00888858665712178,0.205697894562036,0.300914277555421,0.720681418199092,0.384307020576671,0.156794906593859,0.744718985864893,0
0.612477974267676,0.642431432381272,0.980684037320316,0.118330185534433,0.525304057169706,0.519907962298021,0.767253541853279,1
0.436106740962714,0.154256517533213,0.602846591966227,0.866440420970321,0.365029011154547,0.286609382601455,0.531628874596208,0
0.911122053861618,0.402164421509951,0.446010222192854,0.310912255430594,0.387977738399059,0.744979429058731,0.416281843557954,0
0.0990212690085173,0.906686145113781,0.209032755112275,0.870911470614374,0.674415432615206,0.598101942334324,0.95841662120074,1
0.279184447368607,0.360842071706429,0.65010145236738,0.309690757654607,0.748441303847358,0.474984992993996,0.130190584808588,0
0.297905803890899,0.762430230388418,0.196981137618423,0.688636615639552,0.818462958559394,0.966527428478003,0.58842825749889,1
0.457926973700523,0.426751775899902,0.940443964442238,0.985684545477852,0.995425615925342,0.667815877590328,0.483656921889633,1
0.638138464186341,0.697540867142379,0.92289153020829,0.375219260342419,0.207538184709847,0.0454348248895258,0.740095858229324,0
0.37722488027066,0.130461637862027,0.866405087988824,0.839675639988855,0.527169481385499,0.462982597760856,0.7680357710924,1
0.3194895980414,0.293083606287837,0.422194967279211,0.525755201699212,0.096223073778674,0.164756293641403,0.685614707414061,0
0.329447725787759,0.187326943268999,0.530085906153545,0.0197517010383308,0.658342666225508,0.592008281266317,0.354189245030284,0
0.929614512482658,0.249534035334364,0.38261342421174,0.921228453051299,0.017285815672949,0.0894942248705775,0.0431723294313997,0
0.973850929643959,0.714786027790979,0.848106579156592,0.804133790079504,0.371038995217532,0.0688553806394339,0.790820952737704,0
0.32238034508191,0.40721717197448,0.346402660477906,0.00504956650547683,0.521722374018282,0.00936647458001971,0.0502015422098339,1
0.790163041325286,0.335874043870717,0.161737921880558,0.0821666817646474,0.236101077171043,0.198547872481868,0.584658698644489,0
0.665766180492938,0.133505874080583,0.939285764237866,0.153380945092067,0.933232999639586,0.851034968160093,0.676956048002467,1
0.384201156441122,0.193257862469181,0.193039024714381,0.119886760599911,0.290351454168558,0.940482146805152,0.300136657431722,0
0.277600809698924,0.0643760373350233,0.048890458419919,0.0817428403533995,0.322054158896208,0.23368443432264,0.148822394898161,0
0.729129500221461,0.145012979861349,0.123285342240706,0.0758031476289034,0.683106247335672,0.353779569966719,0.221211990807205,1
0.422718597110361,0.00731725990772247,0.0505236422177404,0.91123382258229,0.548572195228189,0.553468405269086,0.228039027424529,1
0.520535976625979,0.172579421428964,0.86030202335678,0.0598739678971469,0.794567694189027,0.659013766562566,0.458335949108005,1
0.746659066993743,0.60393468150869,0.0755255653057247,0.49227158469148,0.547300927806646,0.575165763031691,0.999194678850472,1
0.98885626764968,0.176630777074024,0.154505220009014,0.306484774919227,0.807211842387915,0.0745598317589611,0.0878969558980316,1
0.322110874578357,0.763253334444016,0.479221190093085,0.993962320499122,0.227041788864881,0.430927814915776,0.198190840892494,0
0.712276884587482,0.209379292791709,0.629416848998517,0.708423809148371,0.282170991180465,0.705647541210055,0.535429883049801,0
0.619330500951037,0.714697187766433,0.281978792045265,0.0518735405057669,0.88195783784613,0.937740604626015,0.88355976366438,1
0.697909626178443,0.547411514446139,0.690420500235632,0.658377470448613,0.071094990009442,0.692943493835628,0.773117371369153,0
0.892910030903295,0.0281375180929899,0.952460715314373,0.256364066153765,0.264237005030736,0.25847062561661,0.316101830685511,0
0.129847263917327,0.806549669941887,0.902604595059529,0.638484636787325,0.955431776354089,0.824138828553259,0.290325599722564,1
